model_name	dope_score	ga341_score
1UOU_A.B99990001.pdb	-52864.08203125	[1.0, 0.04352051764726639, -673.4058227539062, -24.918270111083984, -14.075031280517578, -12.085225105285645, -8.487439155578613, -15.003183364868164]
1UOU_A.B99990002.pdb	-53152.03125	[1.0, 0.053084224462509155, -695.6705322265625, -24.555570602416992, -15.426491737365723, -13.475553512573242, -8.6957368850708, -14.888294219970703]
1UOU_A.B99990003.pdb	-53278.9453125	[1.0, 0.04446866735816002, -717.7515258789062, -22.84054183959961, -15.432918548583984, -13.681008338928223, -8.317490577697754, -14.828783988952637]
1UOU_A.B99990004.pdb	-53306.02734375	[1.0, 0.02858421392738819, -705.9002685546875, -24.994226455688477, -15.535110473632812, -13.293577194213867, -8.780738830566406, -14.947108268737793]
1UOU_A.B99990005.pdb	-53165.38671875	[1.0, 0.05083170905709267, -707.4290771484375, -25.045272827148438, -15.843963623046875, -13.846566200256348, -8.998479843139648, -15.605633735656738]
1UOU_A.B99990006.pdb	-53113.12109375	[1.0, 0.04227033630013466, -701.8190307617188, -23.04429054260254, -15.096595764160156, -13.341572761535645, -8.53441047668457, -14.713408470153809]
1UOU_A.B99990007.pdb	-53368.0234375	[1.0, 0.03831665962934494, -711.8120727539062, -26.283668518066406, -15.617419242858887, -13.340347290039062, -8.735617637634277, -14.781725883483887]
1UOU_A.B99990008.pdb	-53356.3359375	[1.0, 0.040804870426654816, -719.6968994140625, -23.13597869873047, -15.279327392578125, -13.281705856323242, -8.270480155944824, -14.344172477722168]
1UOU_A.B99990009.pdb	-53060.62109375	[1.0, 0.04884229600429535, -702.6979370117188, -24.839357376098633, -15.57530689239502, -13.357324600219727, -8.882014274597168, -15.017057418823242]
1UOU_A.B99990010.pdb	-53355.48828125	[1.0, 0.05546132102608681, -695.0521240234375, -24.170902252197266, -15.503229141235352, -13.534111022949219, -8.585445404052734, -14.97912311553955]
1UOU_A.B99990011.pdb	-53046.23828125	[1.0, 0.0376507043838501, -714.4837646484375, -21.409517288208008, -14.981172561645508, -13.280275344848633, -8.134509086608887, -14.426543235778809]
1UOU_A.B99990012.pdb	-53169.28125	[1.0, 0.03165535628795624, -688.6980590820312, -24.05077362060547, -15.15950870513916, -13.146829605102539, -8.467577934265137, -14.931200981140137]
1UOU_A.B99990013.pdb	-53202.32421875	[1.0, 0.05326126888394356, -705.8771362304688, -23.0201416015625, -15.245667457580566, -13.375876426696777, -8.119330406188965, -14.695178985595703]
1UOU_A.B99990014.pdb	-53359.62890625	[1.0, 0.04115961119532585, -715.8748779296875, -22.8062744140625, -15.433170318603516, -13.441256523132324, -8.36463451385498, -14.698948860168457]
1UOU_A.B99990015.pdb	-53052.31640625	[1.0, 0.0540241077542305, -701.9625854492188, -25.572721481323242, -15.609429359436035, -13.164932250976562, -8.819250106811523, -14.87454891204834]
1UOU_A.B99990016.pdb	-53349.87890625	[1.0, 0.033904049545526505, -686.2866821289062, -26.244016647338867, -15.311100959777832, -13.131402015686035, -8.970812797546387, -14.715730667114258]
1UOU_A.B99990017.pdb	-53125.37890625	[1.0, 0.035309087485075, -697.1807861328125, -24.03620147705078, -15.249194145202637, -13.295320510864258, -8.59135627746582, -14.757885932922363]
1UOU_A.B99990018.pdb	-53090.82421875	[1.0, 0.04832862317562103, -722.5780029296875, -21.619619369506836, -15.05994701385498, -13.622872352600098, -8.00572681427002, -14.808613777160645]
1UOU_A.B99990019.pdb	-52851.546875	[1.0, 0.03649842366576195, -712.8956298828125, -20.200603485107422, -14.942172050476074, -13.524145126342773, -7.876376628875732, -14.340721130371094]
1UOU_A.B99990020.pdb	-53141.46875	[1.0, 0.029994197189807892, -710.0926513671875, -27.047330856323242, -16.38703727722168, -13.664738655090332, -9.169724464416504, -15.508167266845703]
