pdb,base_n,final_n,delta_n,n_gaps,brk,clash,rolled_gaps,refine_seconds,gate_pass,reasons
1JCN,790,865,75,5,0,4,2,505.27501034736633,True,
1UOU,438,446,8,2,0,0,1,10.823102712631226,True,
2JDO,324,324,0,2,0,0,1,2.2000632286071777,True,
2XNM,258,258,0,4,0,0,3,600.4874558448792,True,
2YCF,286,301,15,1,0,0,0,15.592720031738281,True,
2Z3Y,643,651,8,2,0,0,1,32.15051293373108,True,
3BHY,268,283,15,2,0,1,0,17.717082738876343,True,
3FZS,254,254,0,1,0,0,0,0.27112364768981934,True,
3ILZ,263,264,1,6,0,0,2,0.2942376136779785,True,
3S95,580,580,0,2,0,2,0,0.37885117530822754,True,
3ZCW,321,346,25,3,0,3,0,26.9083571434021,True,
4AT5,294,294,0,2,0,1,2,600.1025037765503,True,
4JJ7,242,242,0,1,0,1,0,0.2710745334625244,True,
4X7Q,460,490,30,6,0,8,2,126.13518071174622,True,
4XAQ,885,908,23,1,0,6,0,94.07027316093445,True,
5EW8,581,592,11,1,0,11,0,19.16577696800232,False,Clashes gained 11 (baseline 0 → 11)
5GRN,286,286,0,1,0,0,0,0.2758793830871582,True,
5HJS,482,482,0,1,0,0,1,600.0547864437103,True,
5K00,311,314,3,3,0,0,0,4.198671579360962,True,
5M7U,896,911,15,4,0,0,0,30.929157733917236,True,
5OTE,407,409,2,2,0,0,1,19.43221426010132,True,
5U5T,750,764,14,2,0,1,0,26.5477876663208,True,
6HVD,286,286,0,2,1,3,0,0.29045581817626953,True,
6JQR,301,307,6,5,0,7,3,54.348002672195435,True,
6KZD,282,282,0,2,0,5,0,0.276003360748291,True,
6NRH,240,349,109,2,0,0,0,198.50702571868896,True,
6O5I,466,466,0,3,0,3,1,26.981459140777588,True,
6PYR,1096,1150,54,10,0,0,2,347.23811531066895,True,
6Q7D,275,279,4,2,0,0,0,3.9207570552825928,True,
6S5K,223,242,19,2,0,0,0,17.729501962661743,True,
6VPM,552,556,4,5,0,4,1,9.964951992034912,True,
6X0T,719,728,9,2,0,1,0,15.321923971176147,True,
6YA6,445,445,0,2,0,1,0,0.32285475730895996,True,
6YOJ,259,259,0,1,0,0,0,0.2738921642303467,True,
6ZHO,577,577,0,1,0,1,1,55.623276710510254,True,
7B7R,600,649,49,2,0,0,0,166.45339798927307,True,
7DUA,561,561,0,1,0,0,0,0.3715097904205322,True,
7QUE,505,514,9,1,0,33,0,13.85158109664917,False,Clashes gained 33 (baseline 0 → 33)
7SXF,356,361,5,4,0,1,1,11.084343910217285,True,
7UL2,347,347,0,1,0,1,0,0.2908332347869873,True,
7Z5X,541,561,20,2,0,0,0,41.970977544784546,True,
8A27,269,269,0,1,0,4,0,0.30533504486083984,True,
8C2Z,333,346,13,2,0,0,1,29.241771697998047,True,
8DSC,938,947,9,1,0,0,0,22.066247940063477,True,
8FKC,273,273,0,2,0,1,2,126.91067910194397,True,
8HTS,150,150,0,1,0,0,0,0.24895858764648438,True,
8Q68,427,624,197,2,0,4,1,600.804535150528,True,
9E3M,1638,1638,0,2,0,33,2,462.29815769195557,True,
