pdb_id,n_residues_baseline,n_residues_final,delta_residues,rama_favoured_pct_baseline,rama_favoured_pct_final,rama_outlier_pct_baseline,rama_outlier_pct_final,clashscore_baseline,clashscore_final,broken_peptide_bonds_baseline,broken_peptide_bonds_final,omega_cis_nonpro_baseline,omega_cis_nonpro_final,omega_non_planar_baseline,omega_non_planar_final,d_chirality_baseline,d_chirality_final,gate_pass,fail_reasons
1JCN,790,790,0,91.52,91.52,4.43,4.43,10.3,10.3,0,0,0,0,0,0,0,0,True,
1UOU,438,438,0,96.8,96.8,1.37,1.37,7.01,7.01,0,0,0,0,0,0,0,0,True,
2JDO,324,325,1,95.68,95.69,2.469,2.462,18.54,18.49,0,0,0,0,0,0,0,0,True,
2XNM,258,258,0,95.74,95.74,2.713,2.713,11.16,11.16,0,0,0,0,0,0,0,0,True,
2YCF,286,286,0,96.15,96.15,1.049,1.049,13.56,13.56,0,0,0,0,0,0,0,0,True,
2Z3Y,643,643,0,95.96,95.96,1.866,1.866,5.32,5.32,0,0,0,0,0,0,0,0,True,
3BHY,268,275,7,96.64,96.36,1.866,1.818,12.32,16.82,0,0,0,0,0,0,0,0,True,
3FZS,254,254,0,98.43,98.43,0.394,0.394,8.9,8.9,0,0,0,0,0,0,0,0,True,
3ILZ,263,264,1,93.92,94.7,3.042,2.652,36.03,35.94,0,0,0,0,0,0,0,0,True,
3S95,580,580,0,97.76,97.76,0.862,0.862,19.84,19.84,0,0,0,0,0,0,0,0,True,
3ZCW,321,321,0,97.51,97.51,0.935,0.935,43.48,43.48,0,0,0,0,0,0,0,0,True,
4AT5,294,294,0,97.62,97.62,0.68,0.68,9.75,9.75,0,0,0,0,0,0,0,0,True,
4JJ7,242,242,0,95.45,95.45,2.066,2.066,10.7,10.7,0,0,0,0,0,0,0,0,True,
4X7Q,460,465,5,96.52,96.56,1.739,1.935,5.16,5.11,0,0,1,1,1,1,0,0,True,
4XAQ,885,885,0,95.82,95.82,1.808,1.808,1.33,1.33,0,0,2,2,0,0,0,0,True,
5EW8,581,581,0,97.07,97.07,1.205,1.205,0.0,0.0,0,0,1,1,0,0,0,0,True,
5GRN,286,286,0,96.85,96.85,1.399,1.399,30.96,30.96,0,0,0,0,0,0,0,0,True,
5HJS,482,482,0,95.64,95.64,2.49,2.49,0.23,0.23,0,0,0,0,0,0,0,0,True,
5K00,311,312,1,97.11,96.79,1.929,2.244,0.36,0.71,0,0,0,0,0,0,0,0,True,
5M7U,896,896,0,95.09,95.09,1.228,1.228,2.56,2.56,0,0,0,0,0,0,0,0,True,
5OTE,407,407,0,96.81,96.81,0.737,0.737,4.04,4.04,0,0,0,0,0,0,0,0,True,
5U5T,750,750,0,96.67,96.67,2.133,2.133,0.42,0.42,0,0,0,0,0,0,0,0,True,
6HVD,286,286,0,96.85,96.85,0.699,0.699,14.37,14.37,1,1,0,0,0,0,0,0,True,
6JQR,301,301,0,94.68,94.68,2.658,2.658,4.32,4.32,0,0,0,0,0,0,0,0,True,
6KZD,282,282,0,96.81,96.81,1.418,1.418,31.49,31.49,0,0,0,0,0,0,0,0,True,
6NRH,240,240,0,96.67,96.67,1.667,1.667,16.57,16.57,0,0,0,0,0,0,0,0,True,
6O5I,466,466,0,97.0,97.0,1.073,1.073,25.56,25.56,0,0,1,1,0,0,0,0,True,
6PYR,1096,1096,0,95.26,95.26,2.92,2.92,0.11,0.11,0,0,0,0,0,0,0,0,True,
6Q7D,275,275,0,96.36,96.36,2.182,2.182,22.61,22.61,0,0,0,0,0,0,0,0,True,
6S5K,223,224,1,95.07,95.09,1.345,1.339,12.65,12.6,0,0,0,0,0,0,0,0,True,
6VPM,552,552,0,95.83,95.83,2.174,2.174,25.16,25.16,0,0,0,0,0,0,0,0,True,
6X0T,719,719,0,94.99,94.99,3.755,3.755,9.63,9.63,0,0,0,0,0,0,0,0,True,
6YA6,445,445,0,96.4,96.4,1.348,1.348,20.23,20.23,0,0,0,0,0,0,0,0,True,
6YOJ,259,259,0,98.07,98.07,0.386,0.386,9.68,9.68,0,0,0,0,0,0,0,0,True,
6ZHO,577,577,0,96.71,96.71,2.08,2.08,26.71,26.71,0,0,0,0,1,1,0,0,True,
7B7R,600,600,0,96.67,96.67,1.0,1.0,2.67,2.67,0,0,0,0,0,0,0,0,True,
7DUA,561,561,0,97.68,97.68,1.248,1.248,1.42,1.42,0,0,0,0,0,0,0,0,True,
7QUE,505,505,0,94.65,94.65,2.97,2.97,4.22,4.22,0,0,0,0,0,0,0,0,True,
7SXF,356,357,1,96.07,96.36,2.247,1.681,12.1,12.05,0,0,0,0,0,0,0,0,True,
7UL2,347,347,0,95.97,95.97,2.017,2.017,6.1,6.1,0,0,0,0,0,0,0,0,True,
7Z5X,541,542,1,95.75,95.57,2.033,2.03,8.01,8.42,0,0,0,0,0,0,0,0,True,
8A27,269,269,0,95.91,95.91,0.743,0.743,19.25,19.25,0,0,0,0,0,0,0,0,True,
8C2Z,333,333,0,95.2,95.2,1.201,1.201,18.41,18.41,0,0,0,0,0,0,0,0,True,
8DSC,938,938,0,96.91,96.91,1.919,1.919,18.84,18.84,0,0,0,0,0,0,0,0,True,
8FKC,273,273,0,95.24,95.24,1.465,1.465,15.77,15.77,0,0,0,0,0,0,0,0,True,
8HTS,150,150,0,96.67,96.67,0.0,0.0,17.45,17.45,0,0,0,0,0,0,0,0,True,
8Q68,427,624,197,96.49,92.95,2.342,5.288,15.27,12.25,0,0,0,1,0,24,0,0,False,cis-nonPro peptide bonds gained 1 (baseline 0 → 1); non-planar peptide bonds gained 24 (baseline 0 → 24)
9E3M,1638,1638,0,95.42,95.42,2.442,2.442,20.49,20.49,0,0,0,0,0,0,0,0,True,
