pdb_id,n_clash_pairs,n_vdw_clashes
11UE,0,
1HFC,3,
1HFS,6,
1I76,5,
1JCN,1,
1KMV,4,
1NME,0,
1SQN,23,
1UNQ,0,
1UOU,0,
1Y2K,0,
1ZQ5,0,
2AFW,4,
2C47,0,
2CMW,2,
2F71,2,
2FDV,0,
2JDO,0,
2R3I,0,
2R4B,1,
2V7O,1,
2WEL,1,
2XNM,0,
2XU3,20,
2YCF,1,
2YEX,0,
2Z3Y,0,
3BHY,1,
3E7G,0,
3FV1,4,
3FW3,6,
3FZS,0,
3IAR,1,
3ILZ,0,
3K34,6,
3NKS,0,
3OLL,1,
3OVV,0,
3QXM,4,
3R04,7,
3RM2,1,
3S95,2,
3TBG,13,
3V8S,0,
3WF7,0,
3ZCW,5,
4A5S,13,
4A69,5,
4AT5,1,
4AU8,0,
4B6L,0,
4DM6,0,
4DRI,0,
4HWT,2,
4JJ7,1,
4KP6,0,
4L7G,0,
4LM3,2,
4M0E,4,
4MIK,0,
4NW6,0,
4OBO,0,
4QB3,11,
4QTD,0,
4X6H,3,
4X7Q,0,
4XAQ,0,
4Y86,1,
5AFN,4,
5B5O,5,
5BXO,4,
5CJF,4,
5D6E,9,
5EW8,0,
5F03,2,
5F9E,0,
5GRN,0,
5HJS,0,
5HU9,0,
5IG6,2,
5J2X,0,
5JFW,0,
5K00,0,
5L0N,2,
5LWM,0,
5M7U,0,
5O6H,6,
5OTE,0,
5P9J,1,
5U00,3,
5U3Q,0,
5U5T,0,
5U69,0,
5UGG,0,
5VSC,0,
5W8J,2,
5XS2,0,
5Y86,0,
5ZG2,11,
5ZJW,0,
6CZ4,0,
6E1Z,16,
6EGE,8,
6EIM,12,
6F6R,1,
6FYL,0,
6FYV,0,
6GZD,0,
6HVD,3,
6JQR,1,
6KKB,27,
6KZD,5,
6MA8,0,
6N7A,0,
6NRH,7,
6O5I,2,
6PYR,0,
6Q7D,0,
6Q9L,0,
6QJU,1,
6RCG,0,
6S14,5,
6S5K,0,
6T29,0,
6TE6,0,
6V9M,11,
6VGC,0,
6VPM,7,
6X0T,0,
6YA6,1,
6YF3,0,
6YOJ,0,
6Z1T,0,
6ZHO,4,
6ZOV,4,
7AZ1,1,
7B7R,0,
7D0P,0,
7D5B,3,
7DUA,0,
7H6G,5,
7JGW,1,
7KBG,4,
7KP6,0,
7LCU,0,
7MX1,4,
7NG7,2,
7NPC,0,
7P0O,0,
7Q0D,3,
7QUE,0,
7SXF,1,
7UL2,1,
7W7O,3,
7Z5X,0,
8A27,4,
8A66,0,
8AOJ,1,
8BXH,0,
8BYJ,6,
8C2Z,0,
8DSC,30,
8E1A,0,
8ELC,1,
8FKC,1,
8H78,12,
8HTS,0,
8PJI,0,
8PYN,2,
8Q68,3,
8QZD,0,
8T82,0,
8TYP,2,
8VB5,1,
8VJP,6,
8X92,0,
8ZP2,3,
9BNQ,4,
9CDY,0,
9CMK,0,
9D9I,0,
9DZN,1,
9E3M,33,
9F2O,8,
9FB2,5,
9FJT,6,
9GJ1,1,
9GJ2,2,
9I24,4,
9IJE,0,
9J9D,0,
9KFU,0,
9KWL,5,
9NWX,0,
9OJO,0,
9RCI,7,
9SI4,3,
9T6K,0,
9Y9N,0,
